filename,split,label,is_synthetic,source_id,chunk_idx,speaker_id,transcript,gender,accent,duration,quality_tier,generator,method,attack_category,source_real_file,snr_db
val/real/cv_000843_chunk000.wav,val,real,False,cv_000843,0,d3fb40db2fac4e2dbef45a800feaf2a6f89522ac08c249b608c1747383d4466fc5856502c9700c2c181a7c101bac109814f183a8cb7a34ed085efa785c2c8cde,You should evaluate it in a perceptual experiment.,nan,nan,3.0,clean,,,,,
val/synthetic/cv_000843_chunk000.wav,val,synthetic,True,cv_000843,0,d3fb40db2fac4e2dbef45a800feaf2a6f89522ac08c249b608c1747383d4466fc5856502c9700c2c181a7c101bac109814f183a8cb7a34ed085efa785c2c8cde,You should evaluate it in a perceptual experiment.,nan,nan,3.0,clean,edge-tts/en-US-GuyNeural,tts,tts,real/cv_000843_chunk000.wav,
val/real/cv_000843_chunk001.wav,val,real,False,cv_000843,1,d3fb40db2fac4e2dbef45a800feaf2a6f89522ac08c249b608c1747383d4466fc5856502c9700c2c181a7c101bac109814f183a8cb7a34ed085efa785c2c8cde,You should evaluate it in a perceptual experiment.,nan,nan,3.0,clean,,,,,
val/synthetic/cv_000843_chunk001.wav,val,synthetic,True,cv_000843,1,d3fb40db2fac4e2dbef45a800feaf2a6f89522ac08c249b608c1747383d4466fc5856502c9700c2c181a7c101bac109814f183a8cb7a34ed085efa785c2c8cde,You should evaluate it in a perceptual experiment.,nan,nan,3.0,clean,edge-tts/en-IN-NeerjaNeural,tts,tts,real/cv_000843_chunk001.wav,
val/real/cv_000844_chunk000.wav,val,real,False,cv_000844,0,d3fb40db2fac4e2dbef45a800feaf2a6f89522ac08c249b608c1747383d4466fc5856502c9700c2c181a7c101bac109814f183a8cb7a34ed085efa785c2c8cde,You've resented me from the first moment you saw me!,nan,nan,3.0,mobile,,,,,
val/synthetic/cv_000844_chunk000.wav,val,synthetic,True,cv_000844,0,d3fb40db2fac4e2dbef45a800feaf2a6f89522ac08c249b608c1747383d4466fc5856502c9700c2c181a7c101bac109814f183a8cb7a34ed085efa785c2c8cde,You've resented me from the first moment you saw me!,nan,nan,3.0,mobile,edge-tts/en-IN-NeerjaNeural,tts,tts,real/cv_000844_chunk000.wav,
val/real/cv_000844_chunk001.wav,val,real,False,cv_000844,1,d3fb40db2fac4e2dbef45a800feaf2a6f89522ac08c249b608c1747383d4466fc5856502c9700c2c181a7c101bac109814f183a8cb7a34ed085efa785c2c8cde,You've resented me from the first moment you saw me!,nan,nan,3.0,noisy,,,,,15
val/synthetic/cv_000844_chunk001.wav,val,synthetic,True,cv_000844,1,d3fb40db2fac4e2dbef45a800feaf2a6f89522ac08c249b608c1747383d4466fc5856502c9700c2c181a7c101bac109814f183a8cb7a34ed085efa785c2c8cde,You've resented me from the first moment you saw me!,nan,nan,3.0,noisy,models/rvc/KanyeWest/KanyeWest.pth,vc,vc,real/cv_000844_chunk001.wav,15
test/real/cv_001222_chunk000.wav,test,real,False,cv_001222,0,d94f70ea7107f90e253d8ce9ca0a92532a13b148d0f1d2814549767514c272828410d756237fc1ee058753c732a992e9c23d1f87b9fd73ab848360a1197ef7b7,When you start to eat like this something is the matter.,nan,nan,3.0,clean,,,,,
test/synthetic/cv_001222_chunk000.wav,test,synthetic,True,cv_001222,0,d94f70ea7107f90e253d8ce9ca0a92532a13b148d0f1d2814549767514c272828410d756237fc1ee058753c732a992e9c23d1f87b9fd73ab848360a1197ef7b7,When you start to eat like this something is the matter.,nan,nan,3.0,clean,models/rvc/EdSheeran/EdSheeran.pth,vc,vc,real/cv_001222_chunk000.wav,
test/real/cv_001222_chunk001.wav,test,real,False,cv_001222,1,d94f70ea7107f90e253d8ce9ca0a92532a13b148d0f1d2814549767514c272828410d756237fc1ee058753c732a992e9c23d1f87b9fd73ab848360a1197ef7b7,When you start to eat like this something is the matter.,nan,nan,3.0,clean,,,,,
test/synthetic/cv_001222_chunk001.wav,test,synthetic,True,cv_001222,1,d94f70ea7107f90e253d8ce9ca0a92532a13b148d0f1d2814549767514c272828410d756237fc1ee058753c732a992e9c23d1f87b9fd73ab848360a1197ef7b7,When you start to eat like this something is the matter.,nan,nan,3.0,clean,edge-tts/en-GB-RyanNeural,tts,tts,real/cv_001222_chunk001.wav,
test/real/cv_001223_chunk000.wav,test,real,False,cv_001223,0,d94f70ea7107f90e253d8ce9ca0a92532a13b148d0f1d2814549767514c272828410d756237fc1ee058753c732a992e9c23d1f87b9fd73ab848360a1197ef7b7,And so will you.,nan,nan,3.0,mobile,,,,,
test/synthetic/cv_001223_chunk000.wav,test,synthetic,True,cv_001223,0,d94f70ea7107f90e253d8ce9ca0a92532a13b148d0f1d2814549767514c272828410d756237fc1ee058753c732a992e9c23d1f87b9fd73ab848360a1197ef7b7,And so will you.,nan,nan,3.0,mobile,models/rvc/KanyeWest/KanyeWest.pth,vc,vc,real/cv_001223_chunk000.wav,
train/real/cv_003528_chunk000.wav,train,real,False,cv_003528,0,fbe9e880ac43645e2eba38f42446ca95906d39e454f2f635cd5b7b8e34135f6febd97ea765286e00433894d9424ea5c184489f432b93e7f141dd2a62028f7a1c,"I tried one of the leading Dragon extensions to help with this, Voice Code.",nan,nan,3.0,mobile,,,,,
train/synthetic/cv_003528_chunk000.wav,train,synthetic,True,cv_003528,0,fbe9e880ac43645e2eba38f42446ca95906d39e454f2f635cd5b7b8e34135f6febd97ea765286e00433894d9424ea5c184489f432b93e7f141dd2a62028f7a1c,"I tried one of the leading Dragon extensions to help with this, Voice Code.",nan,nan,3.0,mobile,models/rvc/EdSheeran/EdSheeran.pth,vc,vc,real/cv_003528_chunk000.wav,
train/real/cv_003528_chunk001.wav,train,real,False,cv_003528,1,fbe9e880ac43645e2eba38f42446ca95906d39e454f2f635cd5b7b8e34135f6febd97ea765286e00433894d9424ea5c184489f432b93e7f141dd2a62028f7a1c,"I tried one of the leading Dragon extensions to help with this, Voice Code.",nan,nan,3.0,noisy,,,,,15
train/synthetic/cv_003528_chunk001.wav,train,synthetic,True,cv_003528,1,fbe9e880ac43645e2eba38f42446ca95906d39e454f2f635cd5b7b8e34135f6febd97ea765286e00433894d9424ea5c184489f432b93e7f141dd2a62028f7a1c,"I tried one of the leading Dragon extensions to help with this, Voice Code.",nan,nan,3.0,noisy,edge-tts/en-US-JennyNeural,tts,tts,real/cv_003528_chunk001.wav,15
train/real/cv_006772_chunk000.wav,train,real,False,cv_006772,0,1a9bc37b0edefa61fe1667a8c0c1b912867619eba91f00d83a1df01108a948bc3e58ab6cbab9e3805427ac9d6ea15754d2e0be87ec219039d7dcb74d78d91be0,Drinking too much water in a short period of time can be lethal.,nan,nan,3.0,clean,,,,,
train/synthetic/cv_006772_chunk000.wav,train,synthetic,True,cv_006772,0,1a9bc37b0edefa61fe1667a8c0c1b912867619eba91f00d83a1df01108a948bc3e58ab6cbab9e3805427ac9d6ea15754d2e0be87ec219039d7dcb74d78d91be0,Drinking too much water in a short period of time can be lethal.,nan,nan,3.0,clean,models/rvc/KanyeWest/KanyeWest.pth,vc,vc,real/cv_006772_chunk000.wav,
train/real/cv_006772_chunk001.wav,train,real,False,cv_006772,1,1a9bc37b0edefa61fe1667a8c0c1b912867619eba91f00d83a1df01108a948bc3e58ab6cbab9e3805427ac9d6ea15754d2e0be87ec219039d7dcb74d78d91be0,Drinking too much water in a short period of time can be lethal.,nan,nan,3.0,mobile,,,,,
train/synthetic/cv_006772_chunk001.wav,train,synthetic,True,cv_006772,1,1a9bc37b0edefa61fe1667a8c0c1b912867619eba91f00d83a1df01108a948bc3e58ab6cbab9e3805427ac9d6ea15754d2e0be87ec219039d7dcb74d78d91be0,Drinking too much water in a short period of time can be lethal.,nan,nan,3.0,mobile,edge-tts/en-GB-SoniaNeural,tts,tts,real/cv_006772_chunk001.wav,
train/real/cv_020984_chunk000.wav,train,real,False,cv_020984,0,a0839776c0873b20bf932ec9abc89a943846fc0e3a8ed5f0ed6c473d060d52291336edef0c82d7c7f62271a993520d585e2d68cd1e7e3916aafaa980f534d0c2,What have you got to report?,nan,nan,3.0,noisy,,,,,15
train/synthetic/cv_020984_chunk000.wav,train,synthetic,True,cv_020984,0,a0839776c0873b20bf932ec9abc89a943846fc0e3a8ed5f0ed6c473d060d52291336edef0c82d7c7f62271a993520d585e2d68cd1e7e3916aafaa980f534d0c2,What have you got to report?,nan,nan,3.0,noisy,models/rvc/EdSheeran/EdSheeran.pth,vc,vc,real/cv_020984_chunk000.wav,15
train/real/cv_020985_chunk000.wav,train,real,False,cv_020985,0,a0839776c0873b20bf932ec9abc89a943846fc0e3a8ed5f0ed6c473d060d52291336edef0c82d7c7f62271a993520d585e2d68cd1e7e3916aafaa980f534d0c2,"Please look up the painting, Modern times.",nan,nan,3.0,clean,,,,,
train/synthetic/cv_020985_chunk000.wav,train,synthetic,True,cv_020985,0,a0839776c0873b20bf932ec9abc89a943846fc0e3a8ed5f0ed6c473d060d52291336edef0c82d7c7f62271a993520d585e2d68cd1e7e3916aafaa980f534d0c2,"Please look up the painting, Modern times.",nan,nan,3.0,clean,edge-tts/en-IN-NeerjaNeural,tts,tts,real/cv_020985_chunk000.wav,
train/real/cv_020985_chunk001.wav,train,real,False,cv_020985,1,a0839776c0873b20bf932ec9abc89a943846fc0e3a8ed5f0ed6c473d060d52291336edef0c82d7c7f62271a993520d585e2d68cd1e7e3916aafaa980f534d0c2,"Please look up the painting, Modern times.",nan,nan,3.0,noisy,,,,,15
train/synthetic/cv_020985_chunk001.wav,train,synthetic,True,cv_020985,1,a0839776c0873b20bf932ec9abc89a943846fc0e3a8ed5f0ed6c473d060d52291336edef0c82d7c7f62271a993520d585e2d68cd1e7e3916aafaa980f534d0c2,"Please look up the painting, Modern times.",nan,nan,3.0,noisy,edge-tts/en-GB-RyanNeural,tts,tts,real/cv_020985_chunk001.wav,15
train/real/cv_030586_chunk000.wav,train,real,False,cv_030586,0,f9f1f96bae1390dfe61ff298abb90975c079e913c712d57d97307ed797469eac446abb149daaad24cacffcc24e1e3275fefeb97f977eb74ce2233e0e5c1d437e,I'm getting them for twelve dollars a night.,nan,nan,3.0,noisy,,,,,15
train/synthetic/cv_030586_chunk000.wav,train,synthetic,True,cv_030586,0,f9f1f96bae1390dfe61ff298abb90975c079e913c712d57d97307ed797469eac446abb149daaad24cacffcc24e1e3275fefeb97f977eb74ce2233e0e5c1d437e,I'm getting them for twelve dollars a night.,nan,nan,3.0,noisy,models/rvc/EdSheeran/EdSheeran.pth,vc,vc,real/cv_030586_chunk000.wav,15
test/real/cv_042159_chunk000.wav,test,real,False,cv_042159,0,356d12892fc0df696e8c4f2e73e3113724e51cdc1a3e9a3b61fa16620d786c731b237db5ca403d3942114801914f4c65c14a6edae5fa15b6229f4a0d966ac22a,You've got to do something!,nan,nan,3.0,mobile,,,,,
test/synthetic/cv_042159_chunk000.wav,test,synthetic,True,cv_042159,0,356d12892fc0df696e8c4f2e73e3113724e51cdc1a3e9a3b61fa16620d786c731b237db5ca403d3942114801914f4c65c14a6edae5fa15b6229f4a0d966ac22a,You've got to do something!,nan,nan,3.0,mobile,models/rvc/TaylorSwift/TaylorSwift.pth,vc,vc,real/cv_042159_chunk000.wav,
test/real/cv_042160_chunk000.wav,test,real,False,cv_042160,0,356d12892fc0df696e8c4f2e73e3113724e51cdc1a3e9a3b61fa16620d786c731b237db5ca403d3942114801914f4c65c14a6edae5fa15b6229f4a0d966ac22a,It was due to her knowledge and experience that she solved the mystery first.,nan,nan,3.0,mobile,,,,,
test/synthetic/cv_042160_chunk000.wav,test,synthetic,True,cv_042160,0,356d12892fc0df696e8c4f2e73e3113724e51cdc1a3e9a3b61fa16620d786c731b237db5ca403d3942114801914f4c65c14a6edae5fa15b6229f4a0d966ac22a,It was due to her knowledge and experience that she solved the mystery first.,nan,nan,3.0,mobile,edge-tts/en-IN-PrabhatNeural,tts,tts,real/cv_042160_chunk000.wav,
test/real/cv_042160_chunk001.wav,test,real,False,cv_042160,1,356d12892fc0df696e8c4f2e73e3113724e51cdc1a3e9a3b61fa16620d786c731b237db5ca403d3942114801914f4c65c14a6edae5fa15b6229f4a0d966ac22a,It was due to her knowledge and experience that she solved the mystery first.,nan,nan,3.0,mobile,,,,,
test/synthetic/cv_042160_chunk001.wav,test,synthetic,True,cv_042160,1,356d12892fc0df696e8c4f2e73e3113724e51cdc1a3e9a3b61fa16620d786c731b237db5ca403d3942114801914f4c65c14a6edae5fa15b6229f4a0d966ac22a,It was due to her knowledge and experience that she solved the mystery first.,nan,nan,3.0,mobile,edge-tts/en-US-JennyNeural,tts,tts,real/cv_042160_chunk001.wav,
train/real/cv_044092_chunk000.wav,train,real,False,cv_044092,0,3f707ace6f9239ac728073f6bfa5436ca82fd95a6f471082e01b0a1175de1e9310d6850fd6d4d1e4426070221a0f9ad8c2a9cb278689d0114e172deb0791865d,The brake pedal was vibrating as the anti-skid system intervened.,nan,nan,3.0,mobile,,,,,
train/synthetic/cv_044092_chunk000.wav,train,synthetic,True,cv_044092,0,3f707ace6f9239ac728073f6bfa5436ca82fd95a6f471082e01b0a1175de1e9310d6850fd6d4d1e4426070221a0f9ad8c2a9cb278689d0114e172deb0791865d,The brake pedal was vibrating as the anti-skid system intervened.,nan,nan,3.0,mobile,models/rvc/KanyeWest/KanyeWest.pth,vc,vc,real/cv_044092_chunk000.wav,
train/real/cv_044092_chunk001.wav,train,real,False,cv_044092,1,3f707ace6f9239ac728073f6bfa5436ca82fd95a6f471082e01b0a1175de1e9310d6850fd6d4d1e4426070221a0f9ad8c2a9cb278689d0114e172deb0791865d,The brake pedal was vibrating as the anti-skid system intervened.,nan,nan,3.0,mobile,,,,,
train/synthetic/cv_044092_chunk001.wav,train,synthetic,True,cv_044092,1,3f707ace6f9239ac728073f6bfa5436ca82fd95a6f471082e01b0a1175de1e9310d6850fd6d4d1e4426070221a0f9ad8c2a9cb278689d0114e172deb0791865d,The brake pedal was vibrating as the anti-skid system intervened.,nan,nan,3.0,mobile,models/rvc/TaylorSwift/TaylorSwift.pth,vc,vc,real/cv_044092_chunk001.wav,
test/real/cv_082136_chunk000.wav,test,real,False,cv_082136,0,052f6f7ee104f8bc0525de6582c9b2be24f3f3024e0ed3d2aa8b517b959002f4ba58668efda9d32976d02bfe62dc9bca43003118eac7357e8db61504b6873aaa,The cushion was soft and inviting.,nan,nan,3.0,noisy,,,,,15
test/synthetic/cv_082136_chunk000.wav,test,synthetic,True,cv_082136,0,052f6f7ee104f8bc0525de6582c9b2be24f3f3024e0ed3d2aa8b517b959002f4ba58668efda9d32976d02bfe62dc9bca43003118eac7357e8db61504b6873aaa,The cushion was soft and inviting.,nan,nan,3.0,noisy,edge-tts/en-GB-SoniaNeural,tts,tts,real/cv_082136_chunk000.wav,15
test/real/cv_082136_chunk001.wav,test,real,False,cv_082136,1,052f6f7ee104f8bc0525de6582c9b2be24f3f3024e0ed3d2aa8b517b959002f4ba58668efda9d32976d02bfe62dc9bca43003118eac7357e8db61504b6873aaa,The cushion was soft and inviting.,nan,nan,3.0,noisy,,,,,15
test/synthetic/cv_082136_chunk001.wav,test,synthetic,True,cv_082136,1,052f6f7ee104f8bc0525de6582c9b2be24f3f3024e0ed3d2aa8b517b959002f4ba58668efda9d32976d02bfe62dc9bca43003118eac7357e8db61504b6873aaa,The cushion was soft and inviting.,nan,nan,3.0,noisy,edge-tts/en-GB-SoniaNeural,tts,tts,real/cv_082136_chunk001.wav,15
train/real/cv_084261_chunk000.wav,train,real,False,cv_084261,0,6798111508244bef765f114871636006338b95560d05b7ab1a5867e1f0b0c688d46f8ab62f6b8fa43781aaae4c29d1d075622107673af325a9fabd1d2bb44a00,Variations on a musical air With great rapidity,nan,nan,3.0,mobile,,,,,
train/synthetic/cv_084261_chunk000.wav,train,synthetic,True,cv_084261,0,6798111508244bef765f114871636006338b95560d05b7ab1a5867e1f0b0c688d46f8ab62f6b8fa43781aaae4c29d1d075622107673af325a9fabd1d2bb44a00,Variations on a musical air With great rapidity,nan,nan,3.0,mobile,models/rvc/TaylorSwift/TaylorSwift.pth,vc,vc,real/cv_084261_chunk000.wav,
train/real/cv_084261_chunk001.wav,train,real,False,cv_084261,1,6798111508244bef765f114871636006338b95560d05b7ab1a5867e1f0b0c688d46f8ab62f6b8fa43781aaae4c29d1d075622107673af325a9fabd1d2bb44a00,Variations on a musical air With great rapidity,nan,nan,3.0,mobile,,,,,
train/synthetic/cv_084261_chunk001.wav,train,synthetic,True,cv_084261,1,6798111508244bef765f114871636006338b95560d05b7ab1a5867e1f0b0c688d46f8ab62f6b8fa43781aaae4c29d1d075622107673af325a9fabd1d2bb44a00,Variations on a musical air With great rapidity,nan,nan,3.0,mobile,models/rvc/KanyeWest/KanyeWest.pth,vc,vc,real/cv_084261_chunk001.wav,
train/real/cv_085424_chunk000.wav,train,real,False,cv_085424,0,a6c7706a220eeea7ee3687c1122fe7ac17962d2449d25b6db37cc41cdaace442683e11945b6f581e73941c3083cd4eecfafc938840459cd8c571dae7774ee687,Tower of strength,nan,nan,3.0,clean,,,,,
train/synthetic/cv_085424_chunk000.wav,train,synthetic,True,cv_085424,0,a6c7706a220eeea7ee3687c1122fe7ac17962d2449d25b6db37cc41cdaace442683e11945b6f581e73941c3083cd4eecfafc938840459cd8c571dae7774ee687,Tower of strength,nan,nan,3.0,clean,edge-tts/en-GB-RyanNeural,tts,tts,real/cv_085424_chunk000.wav,
train/real/cv_085425_chunk000.wav,train,real,False,cv_085425,0,a6c7706a220eeea7ee3687c1122fe7ac17962d2449d25b6db37cc41cdaace442683e11945b6f581e73941c3083cd4eecfafc938840459cd8c571dae7774ee687,I may have overslept.,nan,nan,3.0,noisy,,,,,15
train/synthetic/cv_085425_chunk000.wav,train,synthetic,True,cv_085425,0,a6c7706a220eeea7ee3687c1122fe7ac17962d2449d25b6db37cc41cdaace442683e11945b6f581e73941c3083cd4eecfafc938840459cd8c571dae7774ee687,I may have overslept.,nan,nan,3.0,noisy,edge-tts/en-US-GuyNeural,tts,tts,real/cv_085425_chunk000.wav,15
train/real/cv_085426_chunk000.wav,train,real,False,cv_085426,0,a6c7706a220eeea7ee3687c1122fe7ac17962d2449d25b6db37cc41cdaace442683e11945b6f581e73941c3083cd4eecfafc938840459cd8c571dae7774ee687,Add my track to old school metal playlist,nan,nan,3.0,clean,,,,,
train/synthetic/cv_085426_chunk000.wav,train,synthetic,True,cv_085426,0,a6c7706a220eeea7ee3687c1122fe7ac17962d2449d25b6db37cc41cdaace442683e11945b6f581e73941c3083cd4eecfafc938840459cd8c571dae7774ee687,Add my track to old school metal playlist,nan,nan,3.0,clean,edge-tts/en-US-AriaNeural,tts,tts,real/cv_085426_chunk000.wav,
train/real/cv_085427_chunk000.wav,train,real,False,cv_085427,0,a6c7706a220eeea7ee3687c1122fe7ac17962d2449d25b6db37cc41cdaace442683e11945b6f581e73941c3083cd4eecfafc938840459cd8c571dae7774ee687,Book me a reservation for midday at French Camp Academy,nan,nan,3.0,mobile,,,,,
train/synthetic/cv_085427_chunk000.wav,train,synthetic,True,cv_085427,0,a6c7706a220eeea7ee3687c1122fe7ac17962d2449d25b6db37cc41cdaace442683e11945b6f581e73941c3083cd4eecfafc938840459cd8c571dae7774ee687,Book me a reservation for midday at French Camp Academy,nan,nan,3.0,mobile,edge-tts/en-AU-NatashaNeural,tts,tts,real/cv_085427_chunk000.wav,
train/real/cv_085427_chunk001.wav,train,real,False,cv_085427,1,a6c7706a220eeea7ee3687c1122fe7ac17962d2449d25b6db37cc41cdaace442683e11945b6f581e73941c3083cd4eecfafc938840459cd8c571dae7774ee687,Book me a reservation for midday at French Camp Academy,nan,nan,3.0,clean,,,,,
train/synthetic/cv_085427_chunk001.wav,train,synthetic,True,cv_085427,1,a6c7706a220eeea7ee3687c1122fe7ac17962d2449d25b6db37cc41cdaace442683e11945b6f581e73941c3083cd4eecfafc938840459cd8c571dae7774ee687,Book me a reservation for midday at French Camp Academy,nan,nan,3.0,clean,models/rvc/KanyeWest/KanyeWest.pth,vc,vc,real/cv_085427_chunk001.wav,
test/real/cv_085975_chunk000.wav,test,real,False,cv_085975,0,c8459b58e43e456ecc8bddbda0e3c6825ead91181c0615ba9e2516b5230033a97d28697b4bbef62accc9e37cc00352fa394a529b79c27097ed7ba65c3d0b7801,You have missed more than two decades of rapid progress in image processing.,nan,nan,3.0,mobile,,,,,
test/synthetic/cv_085975_chunk000.wav,test,synthetic,True,cv_085975,0,c8459b58e43e456ecc8bddbda0e3c6825ead91181c0615ba9e2516b5230033a97d28697b4bbef62accc9e37cc00352fa394a529b79c27097ed7ba65c3d0b7801,You have missed more than two decades of rapid progress in image processing.,nan,nan,3.0,mobile,edge-tts/en-GB-RyanNeural,tts,tts,real/cv_085975_chunk000.wav,
test/real/cv_085975_chunk001.wav,test,real,False,cv_085975,1,c8459b58e43e456ecc8bddbda0e3c6825ead91181c0615ba9e2516b5230033a97d28697b4bbef62accc9e37cc00352fa394a529b79c27097ed7ba65c3d0b7801,You have missed more than two decades of rapid progress in image processing.,nan,nan,3.0,clean,,,,,
test/synthetic/cv_085975_chunk001.wav,test,synthetic,True,cv_085975,1,c8459b58e43e456ecc8bddbda0e3c6825ead91181c0615ba9e2516b5230033a97d28697b4bbef62accc9e37cc00352fa394a529b79c27097ed7ba65c3d0b7801,You have missed more than two decades of rapid progress in image processing.,nan,nan,3.0,clean,models/rvc/TaylorSwift/TaylorSwift.pth,vc,vc,real/cv_085975_chunk001.wav,
train/real/cv_103694_chunk000.wav,train,real,False,cv_103694,0,3e33074c8b4dc3b2df909f70b09fc7c62691ccfdde7be3687f78fb0aba44d69046b39e7f3a4de92b394154dc9e8919cc30cf45b4e170f045755913247094999d,This post will teach you how to get started.,nan,nan,3.0,clean,,,,,
train/synthetic/cv_103694_chunk000.wav,train,synthetic,True,cv_103694,0,3e33074c8b4dc3b2df909f70b09fc7c62691ccfdde7be3687f78fb0aba44d69046b39e7f3a4de92b394154dc9e8919cc30cf45b4e170f045755913247094999d,This post will teach you how to get started.,nan,nan,3.0,clean,models/rvc/TaylorSwift/TaylorSwift.pth,vc,vc,real/cv_103694_chunk000.wav,
train/real/cv_113708_chunk000.wav,train,real,False,cv_113708,0,04960d53cc851eeb6d93f21a09e09ab36fe16943acb226ced1211d7250ab2f1b9a1d655c1cc03d50006e396010851ad52d4c53f49dd77b080b01c4230704c68d,Why does Melissandre look like she wants to consume Jon Snow on the ride up the wall?,male_masculine,United States English,3.0,clean,,,,,
train/synthetic/cv_113708_chunk000.wav,train,synthetic,True,cv_113708,0,04960d53cc851eeb6d93f21a09e09ab36fe16943acb226ced1211d7250ab2f1b9a1d655c1cc03d50006e396010851ad52d4c53f49dd77b080b01c4230704c68d,Why does Melissandre look like she wants to consume Jon Snow on the ride up the wall?,male_masculine,United States English,3.0,clean,models/rvc/TaylorSwift/TaylorSwift.pth,vc,vc,real/cv_113708_chunk000.wav,
train/real/cv_113708_chunk001.wav,train,real,False,cv_113708,1,04960d53cc851eeb6d93f21a09e09ab36fe16943acb226ced1211d7250ab2f1b9a1d655c1cc03d50006e396010851ad52d4c53f49dd77b080b01c4230704c68d,Why does Melissandre look like she wants to consume Jon Snow on the ride up the wall?,male_masculine,United States English,3.0,clean,,,,,
train/synthetic/cv_113708_chunk001.wav,train,synthetic,True,cv_113708,1,04960d53cc851eeb6d93f21a09e09ab36fe16943acb226ced1211d7250ab2f1b9a1d655c1cc03d50006e396010851ad52d4c53f49dd77b080b01c4230704c68d,Why does Melissandre look like she wants to consume Jon Snow on the ride up the wall?,male_masculine,United States English,3.0,clean,edge-tts/en-US-JennyNeural,tts,tts,real/cv_113708_chunk001.wav,
train/real/cv_113708_chunk002.wav,train,real,False,cv_113708,2,04960d53cc851eeb6d93f21a09e09ab36fe16943acb226ced1211d7250ab2f1b9a1d655c1cc03d50006e396010851ad52d4c53f49dd77b080b01c4230704c68d,Why does Melissandre look like she wants to consume Jon Snow on the ride up the wall?,male_masculine,United States English,3.0,clean,,,,,
train/synthetic/cv_113708_chunk002.wav,train,synthetic,True,cv_113708,2,04960d53cc851eeb6d93f21a09e09ab36fe16943acb226ced1211d7250ab2f1b9a1d655c1cc03d50006e396010851ad52d4c53f49dd77b080b01c4230704c68d,Why does Melissandre look like she wants to consume Jon Snow on the ride up the wall?,male_masculine,United States English,3.0,clean,models/rvc/TaylorSwift/TaylorSwift.pth,vc,vc,real/cv_113708_chunk002.wav,
train/real/cv_114633_chunk000.wav,train,real,False,cv_114633,0,0e7bca7f3243636599bd8e7bbe03b4f09ae8898bb0e16e0edc50a2499740c6616dfef740699004ba6bacecad2e3f7f0b52aef60f1dcd01afd81726df6093ad51,Men in orange vests are at work on a construction site.,male_masculine,"India and South Asia (India, Pakistan, Sri Lanka)",3.0,noisy,,,,,15
train/synthetic/cv_114633_chunk000.wav,train,synthetic,True,cv_114633,0,0e7bca7f3243636599bd8e7bbe03b4f09ae8898bb0e16e0edc50a2499740c6616dfef740699004ba6bacecad2e3f7f0b52aef60f1dcd01afd81726df6093ad51,Men in orange vests are at work on a construction site.,male_masculine,"India and South Asia (India, Pakistan, Sri Lanka)",3.0,noisy,models/rvc/TaylorSwift/TaylorSwift.pth,vc,vc,real/cv_114633_chunk000.wav,15
train/real/cv_114633_chunk001.wav,train,real,False,cv_114633,1,0e7bca7f3243636599bd8e7bbe03b4f09ae8898bb0e16e0edc50a2499740c6616dfef740699004ba6bacecad2e3f7f0b52aef60f1dcd01afd81726df6093ad51,Men in orange vests are at work on a construction site.,male_masculine,"India and South Asia (India, Pakistan, Sri Lanka)",3.0,noisy,,,,,15
train/synthetic/cv_114633_chunk001.wav,train,synthetic,True,cv_114633,1,0e7bca7f3243636599bd8e7bbe03b4f09ae8898bb0e16e0edc50a2499740c6616dfef740699004ba6bacecad2e3f7f0b52aef60f1dcd01afd81726df6093ad51,Men in orange vests are at work on a construction site.,male_masculine,"India and South Asia (India, Pakistan, Sri Lanka)",3.0,noisy,edge-tts/en-US-GuyNeural,tts,tts,real/cv_114633_chunk001.wav,15
train/real/cv_114634_chunk000.wav,train,real,False,cv_114634,0,0e7bca7f3243636599bd8e7bbe03b4f09ae8898bb0e16e0edc50a2499740c6616dfef740699004ba6bacecad2e3f7f0b52aef60f1dcd01afd81726df6093ad51,The train is sitting at the train station with not too many passengers around.,male_masculine,"India and South Asia (India, Pakistan, Sri Lanka)",3.0,clean,,,,,
train/synthetic/cv_114634_chunk000.wav,train,synthetic,True,cv_114634,0,0e7bca7f3243636599bd8e7bbe03b4f09ae8898bb0e16e0edc50a2499740c6616dfef740699004ba6bacecad2e3f7f0b52aef60f1dcd01afd81726df6093ad51,The train is sitting at the train station with not too many passengers around.,male_masculine,"India and South Asia (India, Pakistan, Sri Lanka)",3.0,clean,models/rvc/EdSheeran/EdSheeran.pth,vc,vc,real/cv_114634_chunk000.wav,
train/real/cv_114634_chunk001.wav,train,real,False,cv_114634,1,0e7bca7f3243636599bd8e7bbe03b4f09ae8898bb0e16e0edc50a2499740c6616dfef740699004ba6bacecad2e3f7f0b52aef60f1dcd01afd81726df6093ad51,The train is sitting at the train station with not too many passengers around.,male_masculine,"India and South Asia (India, Pakistan, Sri Lanka)",3.0,clean,,,,,
train/synthetic/cv_114634_chunk001.wav,train,synthetic,True,cv_114634,1,0e7bca7f3243636599bd8e7bbe03b4f09ae8898bb0e16e0edc50a2499740c6616dfef740699004ba6bacecad2e3f7f0b52aef60f1dcd01afd81726df6093ad51,The train is sitting at the train station with not too many passengers around.,male_masculine,"India and South Asia (India, Pakistan, Sri Lanka)",3.0,clean,models/rvc/TaylorSwift/TaylorSwift.pth,vc,vc,real/cv_114634_chunk001.wav,
train/real/cv_114634_chunk002.wav,train,real,False,cv_114634,2,0e7bca7f3243636599bd8e7bbe03b4f09ae8898bb0e16e0edc50a2499740c6616dfef740699004ba6bacecad2e3f7f0b52aef60f1dcd01afd81726df6093ad51,The train is sitting at the train station with not too many passengers around.,male_masculine,"India and South Asia (India, Pakistan, Sri Lanka)",3.0,clean,,,,,
train/synthetic/cv_114634_chunk002.wav,train,synthetic,True,cv_114634,2,0e7bca7f3243636599bd8e7bbe03b4f09ae8898bb0e16e0edc50a2499740c6616dfef740699004ba6bacecad2e3f7f0b52aef60f1dcd01afd81726df6093ad51,The train is sitting at the train station with not too many passengers around.,male_masculine,"India and South Asia (India, Pakistan, Sri Lanka)",3.0,clean,models/rvc/KanyeWest/KanyeWest.pth,vc,vc,real/cv_114634_chunk002.wav,
train/real/cv_114635_chunk000.wav,train,real,False,cv_114635,0,0e7bca7f3243636599bd8e7bbe03b4f09ae8898bb0e16e0edc50a2499740c6616dfef740699004ba6bacecad2e3f7f0b52aef60f1dcd01afd81726df6093ad51,Man riding skateboard down the road in a wooded area.,male_masculine,"India and South Asia (India, Pakistan, Sri Lanka)",3.0,mobile,,,,,
train/synthetic/cv_114635_chunk000.wav,train,synthetic,True,cv_114635,0,0e7bca7f3243636599bd8e7bbe03b4f09ae8898bb0e16e0edc50a2499740c6616dfef740699004ba6bacecad2e3f7f0b52aef60f1dcd01afd81726df6093ad51,Man riding skateboard down the road in a wooded area.,male_masculine,"India and South Asia (India, Pakistan, Sri Lanka)",3.0,mobile,edge-tts/en-US-JennyNeural,tts,tts,real/cv_114635_chunk000.wav,
train/real/cv_114635_chunk001.wav,train,real,False,cv_114635,1,0e7bca7f3243636599bd8e7bbe03b4f09ae8898bb0e16e0edc50a2499740c6616dfef740699004ba6bacecad2e3f7f0b52aef60f1dcd01afd81726df6093ad51,Man riding skateboard down the road in a wooded area.,male_masculine,"India and South Asia (India, Pakistan, Sri Lanka)",3.0,clean,,,,,
train/synthetic/cv_114635_chunk001.wav,train,synthetic,True,cv_114635,1,0e7bca7f3243636599bd8e7bbe03b4f09ae8898bb0e16e0edc50a2499740c6616dfef740699004ba6bacecad2e3f7f0b52aef60f1dcd01afd81726df6093ad51,Man riding skateboard down the road in a wooded area.,male_masculine,"India and South Asia (India, Pakistan, Sri Lanka)",3.0,clean,edge-tts/en-IN-PrabhatNeural,tts,tts,real/cv_114635_chunk001.wav,
train/real/cv_114635_chunk002.wav,train,real,False,cv_114635,2,0e7bca7f3243636599bd8e7bbe03b4f09ae8898bb0e16e0edc50a2499740c6616dfef740699004ba6bacecad2e3f7f0b52aef60f1dcd01afd81726df6093ad51,Man riding skateboard down the road in a wooded area.,male_masculine,"India and South Asia (India, Pakistan, Sri Lanka)",3.0,mobile,,,,,
train/synthetic/cv_114635_chunk002.wav,train,synthetic,True,cv_114635,2,0e7bca7f3243636599bd8e7bbe03b4f09ae8898bb0e16e0edc50a2499740c6616dfef740699004ba6bacecad2e3f7f0b52aef60f1dcd01afd81726df6093ad51,Man riding skateboard down the road in a wooded area.,male_masculine,"India and South Asia (India, Pakistan, Sri Lanka)",3.0,mobile,edge-tts/en-US-AriaNeural,tts,tts,real/cv_114635_chunk002.wav,
train/real/cv_114636_chunk000.wav,train,real,False,cv_114636,0,0e7bca7f3243636599bd8e7bbe03b4f09ae8898bb0e16e0edc50a2499740c6616dfef740699004ba6bacecad2e3f7f0b52aef60f1dcd01afd81726df6093ad51,Three men are painting a metal wall white.,male_masculine,"India and South Asia (India, Pakistan, Sri Lanka)",3.0,mobile,,,,,
train/synthetic/cv_114636_chunk000.wav,train,synthetic,True,cv_114636,0,0e7bca7f3243636599bd8e7bbe03b4f09ae8898bb0e16e0edc50a2499740c6616dfef740699004ba6bacecad2e3f7f0b52aef60f1dcd01afd81726df6093ad51,Three men are painting a metal wall white.,male_masculine,"India and South Asia (India, Pakistan, Sri Lanka)",3.0,mobile,edge-tts/en-IN-PrabhatNeural,tts,tts,real/cv_114636_chunk000.wav,
train/real/cv_114636_chunk001.wav,train,real,False,cv_114636,1,0e7bca7f3243636599bd8e7bbe03b4f09ae8898bb0e16e0edc50a2499740c6616dfef740699004ba6bacecad2e3f7f0b52aef60f1dcd01afd81726df6093ad51,Three men are painting a metal wall white.,male_masculine,"India and South Asia (India, Pakistan, Sri Lanka)",3.0,clean,,,,,
train/synthetic/cv_114636_chunk001.wav,train,synthetic,True,cv_114636,1,0e7bca7f3243636599bd8e7bbe03b4f09ae8898bb0e16e0edc50a2499740c6616dfef740699004ba6bacecad2e3f7f0b52aef60f1dcd01afd81726df6093ad51,Three men are painting a metal wall white.,male_masculine,"India and South Asia (India, Pakistan, Sri Lanka)",3.0,clean,models/rvc/EdSheeran/EdSheeran.pth,vc,vc,real/cv_114636_chunk001.wav,
train/real/cv_114637_chunk000.wav,train,real,False,cv_114637,0,0e7bca7f3243636599bd8e7bbe03b4f09ae8898bb0e16e0edc50a2499740c6616dfef740699004ba6bacecad2e3f7f0b52aef60f1dcd01afd81726df6093ad51,An Asian and an African American child enjoying themselves at a colorful playground.,male_masculine,"India and South Asia (India, Pakistan, Sri Lanka)",3.0,mobile,,,,,
train/synthetic/cv_114637_chunk000.wav,train,synthetic,True,cv_114637,0,0e7bca7f3243636599bd8e7bbe03b4f09ae8898bb0e16e0edc50a2499740c6616dfef740699004ba6bacecad2e3f7f0b52aef60f1dcd01afd81726df6093ad51,An Asian and an African American child enjoying themselves at a colorful playground.,male_masculine,"India and South Asia (India, Pakistan, Sri Lanka)",3.0,mobile,models/rvc/TaylorSwift/TaylorSwift.pth,vc,vc,real/cv_114637_chunk000.wav,
train/real/cv_114637_chunk001.wav,train,real,False,cv_114637,1,0e7bca7f3243636599bd8e7bbe03b4f09ae8898bb0e16e0edc50a2499740c6616dfef740699004ba6bacecad2e3f7f0b52aef60f1dcd01afd81726df6093ad51,An Asian and an African American child enjoying themselves at a colorful playground.,male_masculine,"India and South Asia (India, Pakistan, Sri Lanka)",3.0,clean,,,,,
train/synthetic/cv_114637_chunk001.wav,train,synthetic,True,cv_114637,1,0e7bca7f3243636599bd8e7bbe03b4f09ae8898bb0e16e0edc50a2499740c6616dfef740699004ba6bacecad2e3f7f0b52aef60f1dcd01afd81726df6093ad51,An Asian and an African American child enjoying themselves at a colorful playground.,male_masculine,"India and South Asia (India, Pakistan, Sri Lanka)",3.0,clean,edge-tts/en-US-GuyNeural,tts,tts,real/cv_114637_chunk001.wav,
train/real/cv_114637_chunk002.wav,train,real,False,cv_114637,2,0e7bca7f3243636599bd8e7bbe03b4f09ae8898bb0e16e0edc50a2499740c6616dfef740699004ba6bacecad2e3f7f0b52aef60f1dcd01afd81726df6093ad51,An Asian and an African American child enjoying themselves at a colorful playground.,male_masculine,"India and South Asia (India, Pakistan, Sri Lanka)",3.0,noisy,,,,,15
train/synthetic/cv_114637_chunk002.wav,train,synthetic,True,cv_114637,2,0e7bca7f3243636599bd8e7bbe03b4f09ae8898bb0e16e0edc50a2499740c6616dfef740699004ba6bacecad2e3f7f0b52aef60f1dcd01afd81726df6093ad51,An Asian and an African American child enjoying themselves at a colorful playground.,male_masculine,"India and South Asia (India, Pakistan, Sri Lanka)",3.0,noisy,edge-tts/en-GB-SoniaNeural,tts,tts,real/cv_114637_chunk002.wav,15
train/real/cv_114638_chunk000.wav,train,real,False,cv_114638,0,0e7bca7f3243636599bd8e7bbe03b4f09ae8898bb0e16e0edc50a2499740c6616dfef740699004ba6bacecad2e3f7f0b52aef60f1dcd01afd81726df6093ad51,A man is being lowered out of a helicopter.,male_masculine,"India and South Asia (India, Pakistan, Sri Lanka)",3.0,mobile,,,,,
train/synthetic/cv_114638_chunk000.wav,train,synthetic,True,cv_114638,0,0e7bca7f3243636599bd8e7bbe03b4f09ae8898bb0e16e0edc50a2499740c6616dfef740699004ba6bacecad2e3f7f0b52aef60f1dcd01afd81726df6093ad51,A man is being lowered out of a helicopter.,male_masculine,"India and South Asia (India, Pakistan, Sri Lanka)",3.0,mobile,models/rvc/KanyeWest/KanyeWest.pth,vc,vc,real/cv_114638_chunk000.wav,
train/real/cv_114638_chunk001.wav,train,real,False,cv_114638,1,0e7bca7f3243636599bd8e7bbe03b4f09ae8898bb0e16e0edc50a2499740c6616dfef740699004ba6bacecad2e3f7f0b52aef60f1dcd01afd81726df6093ad51,A man is being lowered out of a helicopter.,male_masculine,"India and South Asia (India, Pakistan, Sri Lanka)",3.0,noisy,,,,,15
train/synthetic/cv_114638_chunk001.wav,train,synthetic,True,cv_114638,1,0e7bca7f3243636599bd8e7bbe03b4f09ae8898bb0e16e0edc50a2499740c6616dfef740699004ba6bacecad2e3f7f0b52aef60f1dcd01afd81726df6093ad51,A man is being lowered out of a helicopter.,male_masculine,"India and South Asia (India, Pakistan, Sri Lanka)",3.0,noisy,models/rvc/KanyeWest/KanyeWest.pth,vc,vc,real/cv_114638_chunk001.wav,15
train/real/cv_114639_chunk000.wav,train,real,False,cv_114639,0,0e7bca7f3243636599bd8e7bbe03b4f09ae8898bb0e16e0edc50a2499740c6616dfef740699004ba6bacecad2e3f7f0b52aef60f1dcd01afd81726df6093ad51,Two speed boats racing across the water while creating a large spray of water behind them.,male_masculine,"India and South Asia (India, Pakistan, Sri Lanka)",3.0,clean,,,,,
train/synthetic/cv_114639_chunk000.wav,train,synthetic,True,cv_114639,0,0e7bca7f3243636599bd8e7bbe03b4f09ae8898bb0e16e0edc50a2499740c6616dfef740699004ba6bacecad2e3f7f0b52aef60f1dcd01afd81726df6093ad51,Two speed boats racing across the water while creating a large spray of water behind them.,male_masculine,"India and South Asia (India, Pakistan, Sri Lanka)",3.0,clean,edge-tts/en-US-AriaNeural,tts,tts,real/cv_114639_chunk000.wav,
train/real/cv_114639_chunk001.wav,train,real,False,cv_114639,1,0e7bca7f3243636599bd8e7bbe03b4f09ae8898bb0e16e0edc50a2499740c6616dfef740699004ba6bacecad2e3f7f0b52aef60f1dcd01afd81726df6093ad51,Two speed boats racing across the water while creating a large spray of water behind them.,male_masculine,"India and South Asia (India, Pakistan, Sri Lanka)",3.0,mobile,,,,,
train/synthetic/cv_114639_chunk001.wav,train,synthetic,True,cv_114639,1,0e7bca7f3243636599bd8e7bbe03b4f09ae8898bb0e16e0edc50a2499740c6616dfef740699004ba6bacecad2e3f7f0b52aef60f1dcd01afd81726df6093ad51,Two speed boats racing across the water while creating a large spray of water behind them.,male_masculine,"India and South Asia (India, Pakistan, Sri Lanka)",3.0,mobile,models/rvc/KanyeWest/KanyeWest.pth,vc,vc,real/cv_114639_chunk001.wav,
train/real/cv_114639_chunk002.wav,train,real,False,cv_114639,2,0e7bca7f3243636599bd8e7bbe03b4f09ae8898bb0e16e0edc50a2499740c6616dfef740699004ba6bacecad2e3f7f0b52aef60f1dcd01afd81726df6093ad51,Two speed boats racing across the water while creating a large spray of water behind them.,male_masculine,"India and South Asia (India, Pakistan, Sri Lanka)",3.0,clean,,,,,
train/synthetic/cv_114639_chunk002.wav,train,synthetic,True,cv_114639,2,0e7bca7f3243636599bd8e7bbe03b4f09ae8898bb0e16e0edc50a2499740c6616dfef740699004ba6bacecad2e3f7f0b52aef60f1dcd01afd81726df6093ad51,Two speed boats racing across the water while creating a large spray of water behind them.,male_masculine,"India and South Asia (India, Pakistan, Sri Lanka)",3.0,clean,models/rvc/EdSheeran/EdSheeran.pth,vc,vc,real/cv_114639_chunk002.wav,
train/real/cv_114640_chunk000.wav,train,real,False,cv_114640,0,0e7bca7f3243636599bd8e7bbe03b4f09ae8898bb0e16e0edc50a2499740c6616dfef740699004ba6bacecad2e3f7f0b52aef60f1dcd01afd81726df6093ad51,A lady with curly brown hair stands in a crowd with a camera.,male_masculine,"India and South Asia (India, Pakistan, Sri Lanka)",3.0,mobile,,,,,
train/synthetic/cv_114640_chunk000.wav,train,synthetic,True,cv_114640,0,0e7bca7f3243636599bd8e7bbe03b4f09ae8898bb0e16e0edc50a2499740c6616dfef740699004ba6bacecad2e3f7f0b52aef60f1dcd01afd81726df6093ad51,A lady with curly brown hair stands in a crowd with a camera.,male_masculine,"India and South Asia (India, Pakistan, Sri Lanka)",3.0,mobile,edge-tts/en-US-AriaNeural,tts,tts,real/cv_114640_chunk000.wav,
train/real/cv_114640_chunk001.wav,train,real,False,cv_114640,1,0e7bca7f3243636599bd8e7bbe03b4f09ae8898bb0e16e0edc50a2499740c6616dfef740699004ba6bacecad2e3f7f0b52aef60f1dcd01afd81726df6093ad51,A lady with curly brown hair stands in a crowd with a camera.,male_masculine,"India and South Asia (India, Pakistan, Sri Lanka)",3.0,noisy,,,,,15
train/synthetic/cv_114640_chunk001.wav,train,synthetic,True,cv_114640,1,0e7bca7f3243636599bd8e7bbe03b4f09ae8898bb0e16e0edc50a2499740c6616dfef740699004ba6bacecad2e3f7f0b52aef60f1dcd01afd81726df6093ad51,A lady with curly brown hair stands in a crowd with a camera.,male_masculine,"India and South Asia (India, Pakistan, Sri Lanka)",3.0,noisy,edge-tts/en-AU-NatashaNeural,tts,tts,real/cv_114640_chunk001.wav,15
train/real/cv_114641_chunk000.wav,train,real,False,cv_114641,0,0e7bca7f3243636599bd8e7bbe03b4f09ae8898bb0e16e0edc50a2499740c6616dfef740699004ba6bacecad2e3f7f0b52aef60f1dcd01afd81726df6093ad51,Two children running in a field.,male_masculine,"India and South Asia (India, Pakistan, Sri Lanka)",3.0,mobile,,,,,
train/synthetic/cv_114641_chunk000.wav,train,synthetic,True,cv_114641,0,0e7bca7f3243636599bd8e7bbe03b4f09ae8898bb0e16e0edc50a2499740c6616dfef740699004ba6bacecad2e3f7f0b52aef60f1dcd01afd81726df6093ad51,Two children running in a field.,male_masculine,"India and South Asia (India, Pakistan, Sri Lanka)",3.0,mobile,edge-tts/en-US-AriaNeural,tts,tts,real/cv_114641_chunk000.wav,
train/real/cv_114641_chunk001.wav,train,real,False,cv_114641,1,0e7bca7f3243636599bd8e7bbe03b4f09ae8898bb0e16e0edc50a2499740c6616dfef740699004ba6bacecad2e3f7f0b52aef60f1dcd01afd81726df6093ad51,Two children running in a field.,male_masculine,"India and South Asia (India, Pakistan, Sri Lanka)",3.0,clean,,,,,
train/synthetic/cv_114641_chunk001.wav,train,synthetic,True,cv_114641,1,0e7bca7f3243636599bd8e7bbe03b4f09ae8898bb0e16e0edc50a2499740c6616dfef740699004ba6bacecad2e3f7f0b52aef60f1dcd01afd81726df6093ad51,Two children running in a field.,male_masculine,"India and South Asia (India, Pakistan, Sri Lanka)",3.0,clean,models/rvc/TaylorSwift/TaylorSwift.pth,vc,vc,real/cv_114641_chunk001.wav,
train/real/cv_255291_chunk000.wav,train,real,False,cv_255291,0,6c3616ea8027a18037939930c951608602220d758ae731b2eb59f7307a0f6fa863033ee172fd3f005770cd290be7958e74a4ccd9a765a0fb2419d4a98ad9e768,"Please look up the song, Twist of shadows.",male_masculine,Canadian English,3.0,noisy,,,,,15
train/synthetic/cv_255291_chunk000.wav,train,synthetic,True,cv_255291,0,6c3616ea8027a18037939930c951608602220d758ae731b2eb59f7307a0f6fa863033ee172fd3f005770cd290be7958e74a4ccd9a765a0fb2419d4a98ad9e768,"Please look up the song, Twist of shadows.",male_masculine,Canadian English,3.0,noisy,models/rvc/KanyeWest/KanyeWest.pth,vc,vc,real/cv_255291_chunk000.wav,15
train/real/cv_255291_chunk001.wav,train,real,False,cv_255291,1,6c3616ea8027a18037939930c951608602220d758ae731b2eb59f7307a0f6fa863033ee172fd3f005770cd290be7958e74a4ccd9a765a0fb2419d4a98ad9e768,"Please look up the song, Twist of shadows.",male_masculine,Canadian English,3.0,clean,,,,,
train/synthetic/cv_255291_chunk001.wav,train,synthetic,True,cv_255291,1,6c3616ea8027a18037939930c951608602220d758ae731b2eb59f7307a0f6fa863033ee172fd3f005770cd290be7958e74a4ccd9a765a0fb2419d4a98ad9e768,"Please look up the song, Twist of shadows.",male_masculine,Canadian English,3.0,clean,models/rvc/TaylorSwift/TaylorSwift.pth,vc,vc,real/cv_255291_chunk001.wav,
train/real/cv_255292_chunk000.wav,train,real,False,cv_255292,0,6c3616ea8027a18037939930c951608602220d758ae731b2eb59f7307a0f6fa863033ee172fd3f005770cd290be7958e74a4ccd9a765a0fb2419d4a98ad9e768,Can you find me the Shockwave picture?,male_masculine,Canadian English,3.0,clean,,,,,
train/synthetic/cv_255292_chunk000.wav,train,synthetic,True,cv_255292,0,6c3616ea8027a18037939930c951608602220d758ae731b2eb59f7307a0f6fa863033ee172fd3f005770cd290be7958e74a4ccd9a765a0fb2419d4a98ad9e768,Can you find me the Shockwave picture?,male_masculine,Canadian English,3.0,clean,edge-tts/en-GB-RyanNeural,tts,tts,real/cv_255292_chunk000.wav,
val/real/cv_421109_chunk000.wav,val,real,False,cv_421109,0,ac5fea9cacdfa4a2d6291c780b0a0ee1c0f2c5d2389cc0357a477fdac75a87c74638f69f3d7a1ac89af0f2824d9a930ddfceac2b52d7e4f91990994b77044841,I really liked the film we saw last week.,male_masculine,United States English,3.0,clean,,,,,
val/synthetic/cv_421109_chunk000.wav,val,synthetic,True,cv_421109,0,ac5fea9cacdfa4a2d6291c780b0a0ee1c0f2c5d2389cc0357a477fdac75a87c74638f69f3d7a1ac89af0f2824d9a930ddfceac2b52d7e4f91990994b77044841,I really liked the film we saw last week.,male_masculine,United States English,3.0,clean,models/rvc/TaylorSwift/TaylorSwift.pth,vc,vc,real/cv_421109_chunk000.wav,
val/real/cv_421109_chunk001.wav,val,real,False,cv_421109,1,ac5fea9cacdfa4a2d6291c780b0a0ee1c0f2c5d2389cc0357a477fdac75a87c74638f69f3d7a1ac89af0f2824d9a930ddfceac2b52d7e4f91990994b77044841,I really liked the film we saw last week.,male_masculine,United States English,3.0,clean,,,,,
val/synthetic/cv_421109_chunk001.wav,val,synthetic,True,cv_421109,1,ac5fea9cacdfa4a2d6291c780b0a0ee1c0f2c5d2389cc0357a477fdac75a87c74638f69f3d7a1ac89af0f2824d9a930ddfceac2b52d7e4f91990994b77044841,I really liked the film we saw last week.,male_masculine,United States English,3.0,clean,edge-tts/en-AU-WilliamNeural,tts,tts,real/cv_421109_chunk001.wav,
val/real/cv_421110_chunk000.wav,val,real,False,cv_421110,0,ac5fea9cacdfa4a2d6291c780b0a0ee1c0f2c5d2389cc0357a477fdac75a87c74638f69f3d7a1ac89af0f2824d9a930ddfceac2b52d7e4f91990994b77044841,Please put maimi yajima's song onto Operación Bikini.,male_masculine,United States English,3.0,clean,,,,,
val/synthetic/cv_421110_chunk000.wav,val,synthetic,True,cv_421110,0,ac5fea9cacdfa4a2d6291c780b0a0ee1c0f2c5d2389cc0357a477fdac75a87c74638f69f3d7a1ac89af0f2824d9a930ddfceac2b52d7e4f91990994b77044841,Please put maimi yajima's song onto Operación Bikini.,male_masculine,United States English,3.0,clean,models/rvc/TaylorSwift/TaylorSwift.pth,vc,vc,real/cv_421110_chunk000.wav,
val/real/cv_421110_chunk001.wav,val,real,False,cv_421110,1,ac5fea9cacdfa4a2d6291c780b0a0ee1c0f2c5d2389cc0357a477fdac75a87c74638f69f3d7a1ac89af0f2824d9a930ddfceac2b52d7e4f91990994b77044841,Please put maimi yajima's song onto Operación Bikini.,male_masculine,United States English,3.0,noisy,,,,,15
val/synthetic/cv_421110_chunk001.wav,val,synthetic,True,cv_421110,1,ac5fea9cacdfa4a2d6291c780b0a0ee1c0f2c5d2389cc0357a477fdac75a87c74638f69f3d7a1ac89af0f2824d9a930ddfceac2b52d7e4f91990994b77044841,Please put maimi yajima's song onto Operación Bikini.,male_masculine,United States English,3.0,noisy,edge-tts/en-IN-NeerjaNeural,tts,tts,real/cv_421110_chunk001.wav,15
val/real/cv_421111_chunk000.wav,val,real,False,cv_421111,0,ac5fea9cacdfa4a2d6291c780b0a0ee1c0f2c5d2389cc0357a477fdac75a87c74638f69f3d7a1ac89af0f2824d9a930ddfceac2b52d7e4f91990994b77044841,"Though this be madness, yet there is method in it",male_masculine,United States English,3.0,clean,,,,,
val/synthetic/cv_421111_chunk000.wav,val,synthetic,True,cv_421111,0,ac5fea9cacdfa4a2d6291c780b0a0ee1c0f2c5d2389cc0357a477fdac75a87c74638f69f3d7a1ac89af0f2824d9a930ddfceac2b52d7e4f91990994b77044841,"Though this be madness, yet there is method in it",male_masculine,United States English,3.0,clean,edge-tts/en-IN-PrabhatNeural,tts,tts,real/cv_421111_chunk000.wav,
val/real/cv_421111_chunk001.wav,val,real,False,cv_421111,1,ac5fea9cacdfa4a2d6291c780b0a0ee1c0f2c5d2389cc0357a477fdac75a87c74638f69f3d7a1ac89af0f2824d9a930ddfceac2b52d7e4f91990994b77044841,"Though this be madness, yet there is method in it",male_masculine,United States English,3.0,clean,,,,,
val/synthetic/cv_421111_chunk001.wav,val,synthetic,True,cv_421111,1,ac5fea9cacdfa4a2d6291c780b0a0ee1c0f2c5d2389cc0357a477fdac75a87c74638f69f3d7a1ac89af0f2824d9a930ddfceac2b52d7e4f91990994b77044841,"Though this be madness, yet there is method in it",male_masculine,United States English,3.0,clean,edge-tts/en-GB-RyanNeural,tts,tts,real/cv_421111_chunk001.wav,
